clase,hue_mean,hue_std,sat_mean,sat_std,val_mean,val_std,contraste,homogeneidad,glcm_entropia,lbp_uniformidad,lbp_entropia,esquinas
Roca,17.761232235533782,20.550127698056155,10.868266479119173,6.859037442854335,176.23245986321967,37.56087396025159,15.634282960837574,0.301526025035586,7.196260523195823,0.16950253426928877,2.875981527637661,0.0037638841732550807
Vegetacion,61.27496988932292,46.93978385537573,134.50238199869793,50.539933586266294,107.24794270833333,63.4007573628187,99.50971145072994,0.26270820860528643,7.464155227474195,0.1794056394643254,2.8619794670800722,0.0027091471354166665
Madera,62.87808810763889,42.778760741323694,21.637938368055554,21.079112944346285,108.796943359375,62.6184517949532,753.126306067455,0.06814085732765938,7.728005382395537,0.11175573864689578,3.2401743224681714,0.1679513888888889
Piel,27.433563888888887,19.961066830731227,23.101911805555556,16.959033014574977,149.67769722222224,38.53328157547696,12.727908787541717,0.44827616769971407,7.2072195218157376,0.17720137466435185,2.7822583980155833,0.0033625
Roca,50.30891458333333,48.23133805668817,25.116265625,46.18301100211104,137.21880260416665,69.08917790091715,62.43184320266889,0.2530364100254559,7.869195646318837,0.19353829249837237,2.761673102504935,0.00145625
Vegetacion,55.46283447265625,28.108877072662963,104.1175146484375,69.66700230265872,139.50234781901042,43.89024245956748,95.27642482403546,0.22151501217452357,7.3616627705055,0.1457283830497,3.0296486731162595,0.017891438802083333
Roca,42.24039583333333,46.18928651765453,16.387985416666666,18.254811056032707,151.66593958333334,40.55773750280394,78.22382113821138,0.17923527592907063,7.388605749667019,0.2218203996419271,2.607454373495986,0.013853125
Tela,121.49057983803986,76.54435777339575,110.28568573504984,74.25937279093337,142.24056737956812,53.7919578620948,44.583659600997514,0.20447530145466916,7.569429594518952,0.19137189705271515,2.7657789607316445,0.004416528239202658
Tela,117.92496105341246,2.101234204041498,92.42860765949555,37.39294665707691,141.32969260014838,41.77776041428944,209.13815701559025,0.11175721420027147,7.40109305158927,0.18738387572512358,2.791287510343381,0.02990216988130564
Madera,57.39405490451389,47.86381328301068,26.54554470486111,29.12432831669443,134.4606228298611,59.98376752538279,1191.1537715142558,0.042499134325786204,7.86545465727048,0.10713755679424897,3.2718856306483346,0.28131944444444446
Madera,65.25016059027777,42.236877276351095,25.666520182291666,23.481147389930495,106.81185872395834,60.89296765797607,178.0799721835883,0.13719244313556442,7.735939706232146,0.16155759153483823,2.965076503007368,0.04982747395833333
Vegetacion,48.45047193243914,8.993533915317897,176.18175856929955,56.321802031635514,115.64294088425235,60.12616624199271,1212.3790435164135,0.06604712264847248,7.7103527886327825,0.11019724675846443,3.2518036348705013,0.1038052657724789
Piel,19.297509027777778,15.363188196882676,34.16534027777778,17.13400092192552,153.73438541666667,39.50064838959832,348.8148540044494,0.12213912655083094,7.257480995759146,0.15629766561246142,2.994321386640232,0.033217361111111114
Vegetacion,57.01855387369792,25.172620482026815,74.78294108072917,33.36917824842326,116.03902913411459,63.21407910843494,849.2094344694998,0.13964174097177756,7.467961220962223,0.12481798062589433,3.1575962343658803,0.050816243489583336
Tela,116.25896296296297,1.0166903026328933,84.58230123456791,23.75102268026875,43.565471604938274,8.082597363200364,3.4680753968253972,0.7334910679963401,4.760027114872767,0.24939693436976068,2.3870110396038826,0.008059259259259259
Piel,23.5119375,23.005558609617335,25.412531944444446,23.537263969556673,153.4009861111111,47.84632033773253,71.75445494994439,0.31833750244422165,7.365494241665882,0.15069052891685955,2.9836771315843196,0.0044444444444444444
Piel,34.379775,40.665757522002004,26.637886805555556,38.661392937858835,152.70066666666668,56.41225699999365,20.78702308120134,0.36454802236179346,7.493107095343807,0.15463433883391203,2.9564030732184565,0.021479166666666667
Madera,65.65283528645833,46.232376553766315,23.557237413194443,22.10811744868971,131.2688335503472,62.67935144577386,977.6506606397775,0.05334959028629009,7.884401676441645,0.12384432670922926,3.1691646210951423,0.18115125868055557
Vegetacion,49.46167781493868,5.362682703522757,217.38941312310877,34.76449608616637,102.84426262143653,53.77948615967923,711.2777045381911,0.07782770094640042,7.408698847758312,0.1079411628784279,3.2686959790276156,0.06842251950947603
Vegetacion,72.25082960755091,19.111460022198905,101.93836065573771,50.85689512068667,57.448683556880276,37.738736531293064,434.03304695304706,0.16215578438746145,6.755331180962268,0.10806928180932238,3.264393057045333,0.08490809736711376
Roca,15.406076735787648,8.012354690305605,22.050285055302894,6.7780311962046875,179.20355748351412,32.4047621916309,98.22441725374284,0.14758937671396702,7.043171192378212,0.1491859386450769,3.0071845090143237,0.021376231337251837
Madera,69.36731662326389,43.68245295695762,23.50629340277778,21.417845741555187,120.32603949652778,50.00657457105052,613.1365025208623,0.06423719302419886,7.652532731528151,0.13722044351836782,3.0855326156674274,0.08430230034722222
Piel,19.80369375,7.430043972921309,30.722369444444446,18.140526006007153,160.0939125,44.98753646719044,120.56005909343718,0.1901344787062459,7.403952220562385,0.20469733180555555,2.725121663126843,0.005715972222222222
Piel,18.186050694444443,10.482304785271173,29.17011111111111,15.959699453759177,164.34517083333333,35.03702759837297,263.5338598442715,0.15049336211158554,7.168938531145924,0.16882410711612653,2.918217967385063,0.025925
Urbano,68.31065557536145,49.2136132186096,41.240800158447215,31.093462553732806,114.23004555357497,47.93424042010379,720.3000198728139,0.1646393369315303,7.525111625706998,0.10831265128773081,3.2631053142885387,0.1058031293325411
Tela,102.76728000951739,1.679685107497912,69.01046912796923,27.585670135373395,129.94448189713287,41.5617888532932,163.7062287385362,0.17960128578835527,7.327222325964896,0.13236037474610926,3.0906509946654723,0.03662211999841377
Madera,64.585791015625,46.718778671179294,21.25070638020833,21.463398851951123,142.53666341145833,64.81013374936232,810.2032543028513,0.053619426430347096,7.903293282462953,0.11778217275643056,3.203385543196534,0.15265950520833332
Vegetacion,37.46656790123457,5.03144024477559,144.17635555555555,46.17585826351629,98.41171358024691,45.2830016136046,475.4360714285714,0.07455300484416404,7.368026897782433,0.10507802181374791,3.2870523699413066,0.07816296296296296
Tela,114.84830053667262,84.9781582691719,203.03329357980522,28.953049140410222,206.948737825482,26.460498791970178,63.54083792635194,0.4194205116424057,6.554458373367294,0.11837067110964299,3.1807292658034125,0.09497117869210893
Roca,105.8990964454882,52.44925453063695,15.980038211996975,35.54192084189942,101.79516777454921,60.93244328861857,1337.4532486214334,0.0517867560624831,7.809422677021187,0.11538514432092462,3.2230327447818357,0.1518130796481312
Vegetacion,42.715776,11.601185947328432,162.50914666666668,53.068080114181214,141.62031466666667,51.55085736481646,488.3758343353374,0.07489104557842162,7.558198321263302,0.10534998180977778,3.2863060386008045,0.035472
Urbano,36.507282662692496,48.16409205162658,79.52723298559364,51.89394319026969,117.18930948832588,53.153195059445075,933.8768497467195,0.08160234227950308,7.5849069905942414,0.10912193997831776,3.262302017719324,0.18509687034277197
Roca,106.17464480874317,31.147181668925654,17.76462990561351,22.06353245304674,186.81863884749131,51.089595033147305,806.783933628495,0.11467471911314861,7.347819017671609,0.11609222695302195,3.21745234602652,0.05196224540486836
Tela,38.60924231332357,47.6052349402438,8.731734535139092,5.765319101271368,145.12557421303075,30.268047827907285,12.692673076923077,0.32802323909276065,6.952450083517259,0.21784727431650655,2.6370215082151165,0.014386896046852123
Piel,16.295057406209573,1.031905158003062,80.98114933699871,9.125200294024344,174.3613458117723,18.16190476125336,3.1953118932038835,0.5693247155726235,5.958413110799814,0.13564633212068733,3.04649025721079,0.0102494340232859
Tela,105.77267759562841,2.030406867005598,121.89384997516144,47.35594884111364,150.87948335817188,49.00411736233342,4794.91859120099,0.017724003922579615,7.628093045201865,0.13734949791087192,3.0611678500990505,0.6105514157973174
Madera,63.44338975694444,46.93949253855339,21.524383680555555,19.885563723098926,143.46837782118055,62.18727163933194,625.1193476182198,0.06058559601254787,7.866760401703718,0.12514284922046426,3.1592687299478763,0.18248263888888888
Roca,14.74821551902141,18.763845520240373,28.244816550015308,15.05281500556597,164.68672257150385,47.79437991398483,68.84139088921249,0.18016131453287418,7.590229362959982,0.19804547349112692,2.7316587014954954,0.009484004642320592
Piel,8.430009312988036,2.8899644591127625,58.92509882838703,9.817544866623065,229.58065177891098,13.048767763332592,137.51164261840714,0.11796966086733607,5.889052663368808,0.10621323213322367,3.277154746782656,0.2132023002429192
Roca,34.1585571330443,41.57090882850972,13.3780469990544,11.415174858401869,161.16036303056254,42.41062233876638,22.62225942169696,0.25831405362107973,7.432217404148337,0.1848724008337042,2.7962790530385337,0.0007543622544559225
Piel,19.719486805555555,26.471021115089616,17.223344444444443,8.846219565015847,169.3825875,34.227723154782,14.768260567296998,0.41752107447979364,6.972370607749344,0.18339752899980707,2.7564189011085403,0.0019861111111111112
Madera,64.02524088541666,43.42928003317332,27.84527560763889,27.616303488130328,133.22878038194443,66.94397558408161,553.8261561196106,0.07701669030835087,7.931428245907961,0.14922391279008654,3.0258630146997927,0.09651692708333333
Piel,12.627117582999936,0.7712480976531393,89.55283742048448,9.767337984418075,211.27166791872673,24.377714152488743,0.5423022049475593,0.8580593862327176,6.274641001695093,0.38837071484863395,1.9371799990347796,0.0029122529122529123
Vegetacion,38.28622708333333,35.21694273083293,80.43395277777778,45.7455101499103,114.16379097222222,59.55075690712808,114.12121593437152,0.31525540259463547,7.753570570440069,0.21330259006655092,2.680100564281089,0.0008576388888888889
Roca,29.00972063838344,30.439145448237923,9.354614617592455,7.096922184196978,174.1742993923568,32.66997559854318,14.49979588684408,0.31233816449298407,6.992271083568489,0.1765608058758431,2.8358383608949764,0.006562601572269875
Vegetacion,47.89635370094386,17.063235524816,136.27016393442622,78.21627535097402,112.81200198708396,64.82455919196201,837.9510390491008,0.17729536029974202,7.6015651210209345,0.10959486951309287,3.251635029797459,0.07413810233482365
Tela,9.426527570789865,13.926105165509648,0.7327968206656731,1.114310283894335,210.92280178837555,9.171080364445864,33.35513142674804,0.2647793188820292,5.1009930651181215,0.1113472592085868,3.2379006766029064,0.244073522106309
Tela,26.613949329359166,30.692247632434253,6.863845007451565,10.004349839827494,135.68546448087432,42.45736641136058,2359.1475210402455,0.02539828347016553,7.410033645470818,0.12689229536083022,3.1390266304426353,0.6806159960258321
Urbano,81.67693132408124,45.55715558559643,94.10868227212262,58.333867139576704,134.1498600273989,74.01738719284775,620.1487331686718,0.3053786537544051,7.687642715308808,0.12426996617752416,3.1723183917561726,0.0771735461711041
Tela,100.39523950617284,13.255481346701833,218.40314074074075,35.68719611334077,96.16863209876543,48.2976199884487,268.31202380952374,0.25098701202204193,6.868585029626735,0.11241828277396738,3.23147073207487,0.06030617283950617
Vegetacion,47.26882731119792,37.5582517175464,55.23999104817708,30.635759581519082,122.43233072916667,50.769549270299485,568.2779351863921,0.10962694417404782,7.462133714896042,0.12960523000028396,3.1470762217173256,0.03472900390625
Vegetacion,48.45047193243914,8.993533915317897,176.18175856929955,56.321802031635514,115.64294088425235,60.12616624199271,1212.3790435164135,0.06604712264847248,7.7103527886327825,0.11019724675846443,3.2518036348705013,0.1038052657724789
Vegetacion,56.35074788411458,30.79457631119662,47.819532063802086,18.929434661154872,121.9175439453125,45.69674914026849,28.566342707247124,0.4645721360114748,7.327447705559188,0.16166002717150582,2.878736671007469,0.0016512044270833334
Roca,37.834978222782574,46.191409639221554,7.902100764658687,7.309675735938086,126.0612197697837,33.99522307159554,43.22649987905027,0.20521084492723365,7.0720317776867505,0.14345516495487445,3.037302156130892,0.010311430583072717
Urbano,83.85180562984092,40.63414744606249,47.894594005665496,32.940196098103016,167.22705572393573,59.38719757904652,1099.1534176812283,0.35194437481483565,7.022652987417664,0.13888086000759303,3.0918926752940594,0.09607575127275608
Roca,16.681729007913248,2.379673456086109,159.91038613716296,41.95726772357146,158.76870603751465,56.216257838767845,233.35519030015945,0.15454718186990923,7.671793504775499,0.10852378306644551,3.262684431326439,0.04152989449003517
Roca,71.53226319767673,64.67763728762105,10.922047181445677,9.480450068561517,147.80534670008353,46.52460712742795,314.7007686932215,0.14137235861363437,7.447721883533232,0.11452422330434883,3.2266548577146823,0.013227513227513227
Piel,18.35196597222222,28.17202811071763,48.09973125,18.8170735174497,152.2217861111111,42.88685151818842,86.10400097330368,0.22267204634568197,7.434837959063413,0.16435995955439817,2.9228372149616058,0.012682638888888889
Tela,104.41126676602086,0.9199776638648661,122.27163437655241,24.66790725713367,174.28468951813215,39.67183773729197,157.3665789158789,0.1373199860742287,7.123872344259212,0.11148780931891045,3.2456767522460006,0.19350223546944859
Piel,11.559155555555556,4.712862931290895,68.0799826388889,20.77389014617277,137.27326527777777,36.13971931544395,21.617679365962182,0.5399636489704259,6.7402358783140155,0.18397334959683642,2.7595335840143678,0.008485416666666667
Piel,15.608898611111112,4.7264926488004555,40.6330875,19.951313837150046,165.09157430555555,35.613692585341795,12.902691184649612,0.44316197858472023,7.002208665251718,0.15936566430169755,2.8958741770095817,0.00501875
Piel,10.346324640967499,3.632483050101113,72.99807492441421,13.445144267090146,208.6633597883598,11.540029521673857,19.69561076604555,0.32486198053249143,5.826562285118319,0.11694425506319545,3.194883565906354,0.0013699924414210128
Tela,111.53913285566298,57.728970349840445,17.24508718922652,15.32157681537563,69.80085333218231,25.221304996070977,60.30729051485832,0.19032239018980066,6.691684709459383,0.16102157652782056,2.9300152242013415,0.013383546270718232
Roca,85.56068499873354,47.060898900384224,31.127001013171228,44.52414030494156,135.52421083459978,49.33353304272703,19.811424790821498,0.3570502071751005,7.6475867468985115,0.27096144173109216,2.2795808712773784,0.002953235815602837
Madera,29.88724609375,32.034408267241645,34.45219618055555,38.820969256716886,129.46184461805555,67.59458681405383,1310.2217065803197,0.045023195265821034,7.956268208103521,0.11497207147339242,3.221167795693754,0.23509331597222222
Roca,41.6628641411571,51.55113994550028,4.909601140352122,5.856413568884797,162.50741005837614,32.64399180586549,50.24707664688657,0.19429865262610327,7.061748642053968,0.17741776934277836,2.837724025790211,0.015320947076225564
Urbano,35.743582113240485,24.78465552078717,51.19513549974209,42.07846955901565,148.89314764115383,67.99014788163865,1726.9231581043407,0.15202644098743084,7.814670003445538,0.12131951042162487,3.1741561783511685,0.11123675752886561
Urbano,106.15573079427084,29.384951453816516,141.44072916666667,71.18766545919885,179.28139078776042,57.076931516852866,47.667671402502606,0.5197714590999173,6.5700829872455975,0.1399996431350708,3.030982898535521,0.0023779296875
Roca,93.08760493827161,49.909625083665716,36.7872987654321,53.06132852978058,143.1630024691358,57.74845219942803,901.4970238095239,0.08508205265620958,7.563042082026555,0.11067304247523244,3.2504043111147154,0.058192592592592594
Roca,104.63656234475907,27.9524252437097,75.73142573273721,53.680959601610155,155.52870342771982,59.3069554813174,1566.1699972079296,0.053521619975328116,7.794381075450946,0.10891711772139809,3.2611642949981237,0.13808246398410332
Vegetacion,38.76164927968207,9.138401511098014,153.42032786885247,61.51470824480856,100.68614008941877,64.55851146469962,817.2192007992008,0.08213777722826504,7.668946232921378,0.11197713303665272,3.242621379311838,0.07745653253849975
Tela,109.19743666169896,0.6160991225040873,162.13176353700945,17.05446304945826,157.59946348733234,17.689225005125305,465.78740377328387,0.05964136255346211,6.142149923462148,0.16081052374666505,2.888354174275303,0.38382513661202183
Vegetacion,59.13406855439642,5.965751632256761,154.51391952309984,49.78381071420209,88.5690611028316,39.905255211625445,695.9507199553269,0.06308735320766481,7.0960070799833215,0.11055709828489382,3.255170174059432,0.09595628415300546
Tela,84.61025,39.23093330868938,34.74436614583333,28.00049143503444,143.19027916666667,63.383825651781216,810.7851610717263,0.058895131490158334,7.844579065533159,0.21589218830837673,2.6872049858501663,0.0789203125
Madera,58.244633246527776,43.21281591452,22.567294921875,23.281824154838535,141.69128146701388,60.236294797070165,609.3393732614744,0.059770305311605085,7.860276350121006,0.12544697282814682,3.1574595441061755,0.16291341145833332
Tela,85.719621875,43.56894312206447,25.7803078125,23.463995344575302,181.114840625,43.916321094848676,86.5941425145955,0.21263353967332738,7.473297990213555,0.14440901948947485,3.0314170133387743,0.0097265625
Vegetacion,52.19523950617284,18.66499370954099,106.59834074074074,45.14263827942609,139.0909037037037,45.93276109113107,560.9665079365079,0.10575998868658133,7.437278832494764,0.11078941263831732,3.249863831708272,0.06368395061728395
Roca,14.621701142680164,8.1413637337315,28.064279155188245,17.42103003459749,161.50353997207145,46.66990393144035,34.70438940973851,0.2507236078157291,7.474947009584025,0.16923098546901455,2.9048027977045567,0.008705940524122342
Tela,107.12023703703704,84.82167148159407,173.96744691358026,52.919051035697784,207.51296790123456,21.673688542641145,2316.684603174603,0.0444089519713839,6.951639328900393,0.1302198407315958,3.100639188261828,0.7255901234567901
Roca,41.38488862496587,45.41764928873321,9.600976563346583,19.60545709510153,159.60969108002791,53.083297686459844,200.490194291072,0.11629093238303248,7.647360870876602,0.13862208053610048,3.0743124374126003,0.030621090820824683
Urbano,81.25011936022918,47.31319098396829,87.86146256067478,46.444052755017246,138.14426673032546,55.669403029929775,460.38432053662336,0.3990226460098987,7.5524212088439295,0.14174686527352723,3.036623613016886,0.024767247553115303
Urbano,76.36084228515625,70.72280827792642,8.332766927083334,8.13055260350644,96.05720621744791,16.600494737450216,11.29685952163712,0.37467449691441734,6.0592624093807785,0.1251001244637701,3.137016078886122,0.08201253255208334
Madera,68.03003146701388,47.88296416453527,20.93975043402778,21.277120168059636,131.28136393229167,63.49967799778185,668.4488351877607,0.06330530760260826,7.889206279886284,0.13348223802542983,3.106805447107373,0.16044921875
Urbano,57.46106041666667,46.97626882445202,6.91655625,6.220355752065359,165.98539270833334,24.686695496637384,89.95713146371976,0.24272051107002296,6.523777257854194,0.1215899676779514,3.1743801983326887,0.00526875
Piel,16.54243899227528,1.243724141246333,63.38850201896067,5.437632512728547,202.93810744382023,20.660282621112483,2.732893100322533,0.5881066584720709,6.001190784034193,0.17477650254977617,2.772760525314189,0.00699877106741573
Piel,18.393187763342695,3.9352006432405626,59.00239378511236,14.200030799692252,179.54214404845504,24.22156031435143,4.918526589652241,0.4738508553656991,6.46565047394272,0.1332827625129699,3.0740477202078607,0.013466906601123596
Urbano,107.28001987083954,12.684794171721489,92.34114257327371,57.15897480432631,119.17007451564828,55.78678972875967,1290.7097642694748,0.08943120956209324,7.684892854680191,0.10963835911088604,3.2563473674692522,0.1148534525583706
Vegetacion,40.74477570353859,3.4897139999918356,134.21739043903992,46.36528410566797,137.87764200135334,50.22024289766746,673.8983656996722,0.06790081124182089,7.60347167451854,0.12669500076262927,3.1548287964241783,0.10790908729053059
Roca,101.0353830027096,28.240745711758503,41.19283637586282,31.78799411403026,140.83279602855956,53.7457011559613,525.1201533449865,0.08953751979765723,7.447690567564013,0.11035063547500203,3.25310342703067,0.051067027946440934
Roca,17.6329857103053,11.304431438711298,119.67014289694703,63.01634869436543,126.23269513991164,67.17714554564574,1105.0028407385923,0.0683048841956122,7.764022605215808,0.11060037982548304,3.250131558302062,0.09511204872029615
Vegetacion,50.37816194734228,13.931630802254825,175.35741679085942,64.99327614642962,62.12772975658221,44.200437415508674,264.34447552447546,0.18013659818831207,7.028642153047526,0.11671858345493488,3.2127126582573706,0.02150024838549429
Madera,73.23484266493055,46.80120635639692,15.737555338541666,13.963919426856542,135.1256032986111,53.640892983121155,283.7950723661335,0.09546772432569343,7.704125440531747,0.20147077299047397,2.8271946021799033,0.022008463541666665
Piel,16.19135902777778,3.9035294464310906,40.43045763888889,13.048826361614541,167.3957513888889,29.207245633658427,158.68182216351505,0.15879130527835214,6.882594403712161,0.15368802061246142,2.988521180837411,0.03275763888888889
Vegetacion,34.06116375597149,8.980629548388174,189.80832811235544,56.59627511745214,91.55296682068551,59.84384265270044,594.8607273107541,0.0937456565434008,7.574350835054068,0.10651653710468689,3.2781391538249505,0.043869266713655465
Piel,21.0369375,24.136858762044245,52.080486111111114,34.479853312998856,154.70359027777778,44.07125596562552,32.10233314794216,0.3278793169439517,6.897919761030784,0.15169120927179788,2.9716130329728947,0.012061111111111111
Roca,16.91004500366309,13.435046652828257,15.546192713360389,12.991510629903706,176.23403358412895,39.855159830806734,10.421250582207733,0.3688449141584974,7.259259261399481,0.1730769457442409,2.845559476513721,0.001597513751119277
Vegetacion,25.388965657552085,14.172538417761379,124.11403483072917,47.42770427478153,117.60316080729167,62.252704097237036,790.862753356361,0.09691759956036887,7.735922504290234,0.12188187934557598,3.1878773678175,0.04883626302083333
Tela,70.42793840039742,76.01688649675079,7.638887232985594,5.763238067187311,133.49653253849976,35.96229096545316,1804.031570340234,0.029875042135864487,7.196893372341445,0.1199383338651473,3.189861412743764,0.7871634376552409
Madera,79.56560221354167,55.852299753509065,17.25803059895833,13.950198774965278,132.45176432291666,52.6511931891348,415.9742589534075,0.09482354041701505,7.6595962022045105,0.14003610277293643,3.0676306043786603,0.06608723958333333
Vegetacion,51.461682942708336,33.47384414867195,70.74511393229167,31.247997053832787,121.29208170572916,41.34373268765184,271.5926054157977,0.16312295925356554,7.294126213539888,0.12783802693949806,3.147113284945878,0.01610107421875
Vegetacion,40.45131817868389,10.003614828338561,205.18300503367274,52.98892130290757,116.88584212502202,59.457598254603994,1004.8437538400099,0.08298693484434043,7.69033856401006,0.11155829396477279,3.244703836296925,0.09688479248550042
Tela,116.79123293093213,2.569080087369347,176.98044725905402,29.4480744581263,126.92628141698002,67.23106865199613,222.0463795739274,0.30521894146834194,7.14096745334863,0.12346787617453292,3.1551664153552257,0.04799129230160301
Tela,108.3452955787382,1.2515091633133388,115.13082960755092,41.13526343686335,134.90593144560358,33.915875788354306,1524.7903553906901,0.03140831516458113,7.187672614974472,0.14689050491230746,3.0009089843478214,0.4895777446597119
Madera,59.24802517361111,44.39288717159452,24.607016059027778,27.334564557075275,134.4276410590278,63.05935531224108,1255.474293723922,0.04103387479860238,7.90342127579709,0.11751811923274288,3.2061194586233075,0.23225043402777779
Piel,17.819706766917292,1.7090696773785032,58.52727819548872,13.426227848726372,178.99714332706768,24.567949768818295,61.088350801957986,0.3000724588445212,6.619933157114149,0.15008356155794209,2.9922362044837145,0.0020845864661654134
Urbano,100.074482421875,33.37896876604275,5.151187337239583,2.482161220116888,153.02698486328126,15.30852414925592,16.881623924661106,0.3129386811779067,5.91094397077814,0.14723758481873406,3.0052622982279322,0.021487630208333334
Madera,78.60377821180556,55.4269904274368,20.52764431423611,13.845323764078909,150.23513563368056,57.6082668341215,328.21117763386644,0.09675763852701331,7.770539837850072,0.16682325240712106,2.9169346638151623,0.048391927083333335
Tela,91.77959264778937,0.72857020148057,118.60991554893194,18.514722194679873,133.76725285643317,13.566542839066281,493.5502173826333,0.059358472722728615,5.879120957651493,0.1901131783990253,2.669502449812252,0.25025335320417286
Tela,18.084375937031485,9.163712744486752,28.777122376311844,11.117180280041879,155.980283452024,34.513866415104154,52.83988418979746,0.20115106070784153,7.100703695166842,0.14668334875691955,3.0284554642700123,0.020736506746626686
Roca,27.53330546265329,32.95880479242682,68.89227982162765,55.519000843429346,141.89544513457557,59.90812045887644,831.0429650047937,0.09544114247161826,7.72359256858349,0.11093672041136673,3.2514686822362076,0.12949912406434144
Piel,24.47397847222222,25.197512897375912,49.03082916666666,47.98661504183843,139.66482916666666,69.01670365016503,43.47776696329255,0.4008477476955778,7.607579548790964,0.1457254738908179,2.9921697738275363,0.018381944444444444
Roca,17.161629408842522,20.160430227860928,51.48292101341281,44.019860163735125,114.14803775459514,58.36423942357056,1543.2094850624228,0.04421405476479122,7.798756809277942,0.11773841061416739,3.208035460584952,0.12208643815201192
Urbano,28.89054443359375,57.612541566472416,1.6464957682291668,2.85306634300699,100.98560384114583,6.880085200999047,0.5441613985922837,0.8339777244849096,4.676983287607459,0.2927186497926712,2.229528473293453,0.00022054036458333333
Urbano,14.130023406196692,7.349406767516587,130.69774269052246,52.096091421179295,147.85014083389535,37.76842356600927,283.51771778945687,0.0966107711929547,6.854881765269971,0.10979522685814805,3.2512582243985384,0.14418613877097633
Madera,75.55930447048611,35.45149957885424,23.85680447048611,19.427053664777546,110.47448784722222,56.5784581363342,252.3544039029903,0.12950228430869104,7.727469219071992,0.15742602898397567,2.992904897754318,0.02338433159722222
Urbano,106.39586344401042,1.6709972320688116,46.66542805989583,16.55143818185382,157.73817789713542,38.10396223861114,784.7440457181959,0.05084819979213083,7.1885171794236244,0.10830338947110707,3.263128520795478,0.22349609375
Piel,18.5297125,14.721298127415011,36.923741666666665,17.755901873271995,141.78171111111112,40.08161486219072,289.2258551167965,0.15240843703287482,7.287261409610565,0.15402326385030862,3.0027276472816737,0.032905555555555556
Roca,63.395116029136645,36.920084499407764,52.259284321139994,58.011885136557716,131.4117143653226,68.34605341097291,750.3802445456724,0.07063007355192427,7.808165799364491,0.1065987566622997,3.2781670000748866,0.0651594156748796
Vegetacion,90.25692995529062,73.68456365431997,186.8089220069548,60.00070054136802,120.67823149528067,70.01881949880348,1544.0682860675684,0.051545737847292675,7.426468440641096,0.10658644296424952,3.27681081867894,0.19107799304520617
Tela,104.03654247391952,1.8788640509670025,120.78241430700447,34.155526766203366,139.051564828614,26.746720321818277,779.9026165689444,0.047726987980475,6.7958421615760916,0.14220712038416958,3.0359887562139187,0.01526080476900149
Tela,98.22207650273224,35.611934477895645,13.427004470938897,5.328242293652825,212.27036264282165,27.002312442006392,141.2510470264449,0.1282361413359556,6.592515843682252,0.12239855504545837,3.1621625583807536,0.2610829607550919
Piel,23.823909027777777,19.93046964930139,44.90486527777778,29.22219950361492,131.59763333333333,45.81955765353432,64.13077308120135,0.22363106720101747,7.433218767614496,0.1875853377025463,2.7966475080110467,0.008697222222222223
Roca,70.2356767724994,26.927240665022186,36.721214291398105,42.18020238883751,104.1507718628153,58.893291603501304,833.7997444650736,0.06219796101196994,7.751285797260684,0.10956801265911778,3.2588741219499733,0.1496976207527652
Madera,63.424749348958336,44.47886479322937,26.829151475694445,26.902780683877232,115.99126410590277,53.48230361315062,771.3650480267731,0.05480742222343564,7.730114287008611,0.11581004820694157,3.2141404586631968,0.188759765625
Urbano,106.15573079427084,29.384951453816516,141.44072916666667,71.18766545919885,179.28139078776042,57.076931516852866,47.667671402502606,0.5197714590999173,6.5700829872455975,0.1399996431350708,3.030982898535521,0.0023779296875
Tela,107.55729785380534,0.8431376214867187,203.3545972915182,24.2216046567431,166.8301061218025,21.50422647225278,535.9106805762543,0.059119824401414584,6.3775119030917296,0.1368228826013895,3.076813324097676,0.2566128138116734
Urbano,87.25176145833333,45.220206415400526,6.732641145833333,5.671709395963913,174.14708854166668,40.04889121907843,30.65101699332778,0.4952267672099684,6.455285733635902,0.1318729853797743,3.0794413589953202,0.001146875
Urbano,59.82829607550919,55.382634021372844,77.06372578241431,61.824752185031066,121.39538996522603,63.97884283465464,1163.4199872362492,0.14580688805090325,7.827350245356007,0.11017500563278582,3.2495388402305556,0.058022851465474416
Tela,33.023543977813,34.894672940766675,4.582282091917591,3.778313302061946,142.43159122424723,38.088486623991265,158.7011910190325,0.1520618336999599,7.275304452107089,0.16278533453941207,2.949398854084325,0.054863312202852614
Tela,106.43316443119721,1.2525379982046392,210.05941381023348,29.29060124791958,110.93041231992052,29.753487041630937,649.3257349128477,0.055354752860531736,6.476256007059115,0.14752528672915666,2.995859005901151,0.3372081470442126
Urbano,19.253147464156637,36.876327833347446,10.54992255450971,3.488618552467747,235.54432264982725,16.86503062404542,75.63917032309533,0.3558137737006764,5.526823535526039,0.11413398538208751,3.208777905577148,0.03586321934945788
Piel,22.50382777777778,24.82668354621037,48.74766458333333,33.98977319280914,132.96012430555555,39.29581760768912,4.575366379310344,0.6597191011998469,7.08082497533669,0.2052529334616126,2.650124736167762,0.005320833333333334
Urbano,73.15436930338542,73.6717384169444,15.4398779296875,8.493104505346949,162.03062906901042,31.04961870600856,212.07947569082378,0.12082759605186069,6.856473864667236,0.12770740257634058,3.1445279261803796,0.05493570963541667
Piel,24.441053472222222,19.243785621054013,18.91166527777778,13.646317565114803,158.82565694444443,41.24541801554153,15.99429157397108,0.46589783546254787,7.128958497297182,0.17359851400559412,2.8563610438750078,0.0030465277777777778
Vegetacion,58.76735329341317,42.45852228976972,101.98979640718562,62.889331873946354,122.03803592814371,66.17413022739326,514.857417694731,0.18401591469400141,7.804095794361715,0.10909385980135537,3.258026892136393,0.10332934131736526
Urbano,101.19113199869791,62.413123637985635,11.462027994791667,9.040641663151346,95.07216552734376,52.16886404391758,717.1282080943693,0.0699433658814347,7.5009301716866155,0.12114855851067437,3.1810601787488437,0.18785400390625
Urbano,83.68902499454917,52.77374355513549,87.46129908227785,55.92224636962607,61.199877108481495,52.590039779251285,171.97107569721115,0.40703869050316605,6.917512246626717,0.13138985115433002,3.118022733782096,0.02079245208221839
Vegetacion,45.50197714853453,6.489089093490951,197.73039244908097,57.793646304755576,97.17722801788375,51.64500136496516,705.0942057942059,0.08967713655112632,7.474460934951262,0.10624662850932427,3.2808960148132607,0.1309289617486339
Piel,12.14280701754386,35.67880065033904,36.210196324143695,10.888414380164448,189.78446950710108,20.554888624266592,84.51624888598793,0.16659360028472786,6.447110857336739,0.10652934836394803,3.273970791382508,0.04241436925647452
Madera,61.75510199652778,45.881540474407586,30.340859375,29.867244166274592,140.2690842013889,61.85600917131887,1089.7910813630042,0.04721982072475803,7.883842873258933,0.11683904506777541,3.209155418617544,0.24190538194444444
Vegetacion,68.72451888809694,49.412153166701735,109.57751247327155,66.4289229510778,102.58895620495763,57.80858695643992,815.9521112767014,0.08343250133719383,7.585790414014968,0.1075417787903396,3.270705876831308,0.06501940286687258
Piel,8.4768822585017,1.1168397482220658,106.39575253852088,16.631751228227333,170.6000265840996,12.843932953198703,30.523573825612775,0.24314836027886697,5.9270834542805995,0.12457272559820923,3.155078033461627,0.03773638998352828
Urbano,94.76894187779433,47.98122568261528,145.06700447093888,75.30018878737481,118.74809736711376,62.74365697358369,773.7370866738462,0.1585319286660802,7.395146284682778,0.10897812919451288,3.2583823918111143,0.06736214605067065
Madera,75.98820638020834,43.90756743297239,26.33253146701389,21.21834542534056,133.40496636284723,54.62425025575767,378.4356299982615,0.07698830927783541,7.717040450422542,0.1539097325619356,3.020813878420836,0.07246961805555556
Madera,86.50182508680555,53.786853654116406,17.238885633680557,10.402919713163941,143.68668077256945,37.42729074570397,188.29772361787207,0.11594515881906403,7.238355115558422,0.1541219419149705,2.983246226706738,0.02134548611111111
Vegetacion,61.242666666666665,10.38319234432548,123.46611358024691,47.69459759097331,168.63587160493827,45.05200718339473,207.790257936508,0.14485752550755032,7.4694711722598255,0.12819651677488186,3.147926567593991,0.0335604938271605
Vegetacion,44.377156575520836,21.801997504463056,116.50965259693287,66.95102203036282,122.37190303096065,72.22704158397087,670.5597644927536,0.12758439856140255,7.83300046295356,0.10608831068452329,3.2780350175900583,0.05127405237268518
Roca,14.86521609538003,17.062491005709564,97.06569299552906,72.83525412734187,101.42708395429707,59.10075522737847,2084.678353476128,0.04255913679274857,7.661454085597628,0.110383667413674,3.24953946601707,0.3351813214108296
Roca,106.4385975308642,2.7114658435493233,57.41989135802469,29.053852890635106,130.5106962962963,43.66142382050418,635.4733531746031,0.07786056966277259,7.420832364907856,0.10611200195092213,3.280825259061738,0.10716049382716049
Tela,101.43141579731744,1.393010239931217,155.295956284153,44.370712185999146,166.71580725285642,43.76334620938203,2294.8137688963348,0.024625030262388988,7.452527211602688,0.14335082628587306,3.011336413437875,0.6503725782414307
Madera,69.96197699652778,45.05400852820468,27.106819661458335,23.365526134994997,116.02681206597222,52.34042741811567,755.7656402121002,0.05563403942579065,7.689852810019943,0.11697162307456689,3.207459679924341,0.16206705729166668
Madera,60.036830512152775,42.31230480708924,21.310575086805557,21.40315740371253,136.17360460069443,61.24550499295374,514.1370968793462,0.065964812697301,7.857238158958556,0.1333577103626581,3.105577281630361,0.15317708333333332
Urbano,21.269076543209877,9.96156231420655,77.65441975308642,46.39185136485044,167.9143901234568,51.739177403167574,331.34658730158725,0.3463327099295888,7.484309418358104,0.1226176388233501,3.1606104146257983,0.019693827160493827
Roca,47.64800794833582,43.978736860362666,52.0168306010929,45.9097892396321,117.18495777446597,66.510023883325,610.0084958717242,0.09949479270066869,7.783232588322926,0.1054895465613601,3.2847244210224584,0.05633383010432191
Vegetacion,47.940242513020834,19.956917423945697,90.88597900390624,50.64501171502276,121.10561848958334,58.34226418620276,171.09434225104278,0.1591095115558553,7.6298937979857495,0.25400031669537226,2.4483386115351182,0.018289388020833332
Urbano,31.19757568359375,35.77034087449598,7.320086263020833,4.866435203937395,164.04369140625,14.105462967487659,63.65611232403544,0.23616965144454724,5.826955596223254,0.1464668304920197,3.0251019006751236,0.00855712890625
Tela,111.54535519125683,1.7089328834446238,216.72021857923497,18.125745401241666,188.14579234972678,21.869502918544438,151.34137050775797,0.11208135104558825,6.3937727559700015,0.10570123842317533,3.2848072442827503,0.20007948335817188
Piel,13.514163663062341,2.344938830144706,86.76748097717261,13.52394652721894,209.64321185422506,22.99684327766001,76.82969350454589,0.15460908194077866,6.479173864244151,0.114025964962966,3.222609842352145,0.15325056734748366
Piel,13.102146202198792,0.9697868275856776,95.82922040519897,26.70229383773461,210.88838746838297,22.258238462787357,14.91316172412063,0.3954724772718653,6.723310462772318,0.1361216230275405,3.0728609311630777,0.01826150108937918
Roca,12.607183400145773,2.1844553911122624,45.127268130466476,12.836925909224338,168.04672239431486,34.8396808843112,128.76562727935814,0.13693933520450646,7.163307765827269,0.17055211285512809,2.8805551495770594,0.01349990889212828
Urbano,74.51821412264506,40.01712419531828,85.29341115280012,62.00688140629149,122.17441883548726,70.40968050439581,1006.4564368274215,0.17051059038614677,7.602180474570519,0.11652734271364662,3.2116963589323158,0.06265261151807516
Piel,14.245969511978995,0.656125062748753,98.93073395370904,5.073627019217821,213.49699877578954,18.68926210896212,3.9585949527601443,0.5249086877415997,6.00854490766636,0.15335516582029954,2.933049761762269,0.014776411182031098
Vegetacion,36.83871256510417,30.125538771916435,76.7941650390625,43.874952091499246,101.26903645833333,54.36519302649964,568.6464847823254,0.14245741943736998,7.512094887231711,0.11273784584204356,3.235391219473519,0.05256591796875
Roca,14.862025629075497,5.9648205097601235,29.7265508299375,8.531361918021359,186.0897884027836,25.75777064926548,53.464589983511196,0.19658535701450675,6.714573931253989,0.14505476615627508,3.034570291066241,0.01525535466035699
Tela,113.22448087431694,1.6311975831113674,63.69418777943368,12.062519329591176,209.5886338797814,26.772834323182092,2256.9845837820594,0.024669535702604748,6.867482387189584,0.1720139269610917,2.7782729612347428,0.5392548435171386
Roca,76.97689368307925,50.64387954135352,25.541714763364247,29.225883258442643,120.83341957568761,46.971582186828144,501.33732917765525,0.0920242359739798,7.507901585372325,0.12080831781820446,3.1922900487882906,0.06605500935397843
Vegetacion,64.72071408669346,47.3524872211493,118.57546869402539,64.08070916432023,106.25036818851252,65.6488059298969,1175.1454178086303,0.07126228993169842,7.705769521777449,0.10843034390767176,3.267926450182647,0.1400310472475421
Vegetacion,47.0018834258525,24.351348229782666,81.59708564631245,48.963220463932345,145.76258921490881,51.54470623447134,2277.719908330012,0.03668611455594283,7.651508952735003,0.12634048132186165,3.1502427232236827,0.24547977795400475
Madera,64.35221896701388,43.49559113895001,22.548180338541666,21.047322946658802,139.768681640625,61.71248213477577,970.8083014603616,0.05056113317271991,7.873039553961707,0.13683381106529705,3.0980100347322646,0.1313064236111111
Roca,95.32151018380526,24.26117862308717,52.97263785394933,39.23064419634359,115.5724391455539,47.141881412093966,1015.5828048342707,0.05437266894937282,7.5251816446614725,0.11740673797168874,3.206203972161779,0.07332339791356185
Roca,14.22748137108793,10.261576205187925,112.20663686040736,65.17362407735072,120.849478390462,63.31698894371333,1057.5102907742014,0.06100081968313804,7.782540062158317,0.11276697334193121,3.2377336460913164,0.15805265772478888
Roca,109.09494448850118,56.76283428340328,48.60989294210944,53.79789971686362,105.16740681998414,57.28352527886657,783.175416948613,0.07477460811213348,7.7247541775950035,0.12437221679985358,3.169234378949891,0.10061459159397304
Urbano,78.37057128663686,52.13453310711224,116.11996025832092,72.31617596024127,137.3067660208644,69.89911375155094,1571.1384268676957,0.1306769650805104,7.845076387872756,0.11184769085395993,3.237479836050452,0.07846994535519125
Piel,20.966784027777777,20.869409801170452,30.121664583333335,15.68658467294218,150.47481875,31.50356695967023,9.264795606229145,0.481098513234944,6.770468661613173,0.16292302540027007,2.8644339242842225,0.0005493055555555556
Madera,66.29694552951389,45.66302669260152,16.563612196180557,16.636625619260702,145.19925021701388,58.013688957225206,517.7338067194021,0.0687925883177722,7.75681424601767,0.17273968227998712,2.938806111431364,0.0331640625
Roca,120.49913504464286,8.766940806184499,16.102413985529555,6.226985454604905,58.166142626231526,5.136089782747519,0.5506473489519113,0.7984504686274561,4.290434715817272,0.24655796842402203,2.3650471759066236,0.0651179572044335
Madera,51.49861979166667,52.528785782355904,14.095234375,13.113330438455518,127.19619249131945,59.765357881024826,447.6415149078582,0.08645197275925465,7.819173736440628,0.14741492217028582,3.0297985125597884,0.018053385416666668
Urbano,96.56115478515625,42.02846236884771,24.04406005859375,33.123909444808156,138.04115071614584,47.475794898189065,260.1402470020856,0.16122845774756336,7.544260526526153,0.1421263869245847,3.0553842594658938,0.03767333984375
Tela,107.88748641975309,1.2512285135120016,131.67288888888888,38.05319448701602,141.17835061728394,45.82175205541234,2493.1766666666663,0.030972373799403076,7.428589161695961,0.1438538287212315,3.022797245907859,0.39622716049382717
Tela,59.88029007847533,27.82669056400174,5.793000280269058,4.331928065079548,191.20845618460388,46.56799652160581,691.3282675766642,0.06769599574512705,7.320985241788076,0.1977557368746767,2.7551727836426387,0.06949831838565022
Piel,12.072422680412371,12.660351699444105,129.38885804916734,32.114917113914785,159.7114789849326,55.70696138065881,105.53447040560441,0.20459447099364003,7.361343726313,0.11232183667154891,3.2353623788796115,0.0031720856463124504
Piel,22.289239583333334,22.87863521915612,25.072244444444443,14.013236408094164,152.60075,24.73741070375776,2.6271760289210238,0.7277205081935874,6.344248995039275,0.2546519216300155,2.3826781645465687,0.0002125
Vegetacion,59.473102213541665,18.272283524343077,90.65686848958333,41.11149377329614,105.76936604817708,49.09922943978374,61.2232289494265,0.3977519458718852,7.318101166976057,0.13607171396546894,3.06386333089083,0.004388020833333333
